<?xml version="1.0" encoding="UTF-8" standalone="yes"?>
<addon id="plugin.program.amerikanopremium.wizard" name="[COLOR gold][B]Amerikano[/B][/COLOR][COLOR green]Tuga[/COLOR]" version="1.4.3" provider-name="AmerikanoTuga">
  <requires>
    <import addon="xbmc.python" version="2.1.0"/>
  </requires>
  <extension point="xbmc.python.pluginsource" library="default.py">
    <provides>executable</provides>
  </extension>
  <extension point="xbmc.service" library="startup.py" start="startup" />
  <extension point="xbmc.addon.metadata">
    <summary lang="en">[COLOR gold][B]Amerikano[/B][/COLOR][COLOR green]Tuga[/COLOR]</summary>
    <description lang="en">AmerikanoTuga Wizard allows you to get access to the latest AmerikanoTuga Custom Builds.</description>
    <platform>all</platform>
	<assets>
            <icon>icon.png</icon>
            <fanart>fanart.gif</fanart>
        </assets>
  </extension>
</addon>