<?xml version="1.1" encoding="UTF-8" standalone="yes"?>
<addon id="plugin.video.amerikanopremiumjr"
       name="[COLOR lime]Amerikano Premium JR[/COLOR]"
       version="0.0.3"
       provider-name="AmerikanoTuga">
  <requires>
    <import addon="xbmc.python" version="2.1.0"/>
	<import addon="script.module.requests" />
  </requires>
  <extension point="xbmc.python.pluginsource"
            library="default.py">
        <provides>video</provides>
  </extension>
  <extension point="xbmc.addon.metadata">
        <summary>[COLOR lime]Amerikano Premium JR[/COLOR]</summary>
        <description>Amerikano Premium JR provides great IPTV.</description>
        <disclaimer>Amerikano Premium JR does not host or distribute any of the content displayed by this addon. The author does not have any affiliation with the content providers.</disclaimer>
        <language>en</language>
        <platform>all</platform>
        <source></source>
        <email></email>
    </extension>
</addon>


