<?xml version="1.1" encoding="UTF-8" standalone="yes"?>
<addon id="plugin.video.amerikanopremium"
       name="[COLOR gold]Amerikano Premium[/COLOR]"
       version="0.0.3"
       provider-name="AmerikanoTuga">
  <requires>
    <import addon="xbmc.python" version="2.1.0"/>
	<import addon="script.module.requests" />
  </requires>
  <extension point="xbmc.python.pluginsource"
            library="default.py">
        <provides>video</provides>
  </extension>
  <extension point="xbmc.addon.metadata">
        <summary>[COLOR gold]AMERIKANO PREMIUM[/COLOR]</summary>
        <description>AMERIKANO PREMIUM provides great IPTV.</description>
        <disclaimer>AMERIKANO PREMIUM does not host or distribute any of the content displayed by this addon. The author does not have any affiliation with the content providers.</disclaimer>
        <language>en</language>
        <platform>all</platform>
        <source></source>
        <email></email>
    </extension>
</addon>


