<addon id="plugin.program.amerikanopremium.wizard" name="[COLOR gold][B]Amerikano[/B][/COLOR][COLOR Blue]Premium[/COLOR]" version="1.0" provider-name="Amerikano">
  <requires>
    <import addon="xbmc.python" version="2.1.0"/>
  </requires>
  <extension point="xbmc.python.pluginsource" library="default.py">
    <provides>executable</provides>
  </extension>
  <extension point="xbmc.service" library="startup.py" start="startup" />
  <extension point="xbmc.addon.metadata">
    <summary lang="en">[COLOR lightskyblue]Amerikano Premium Wizard[/COLOR]</summary>
    <description lang="en">Amerikano Premium Wizard will allow you to Kodi/Install Build/Install Apkz And More</description>
    <platform>all</platform>
	<news>Thanks To Aftermath For The Base Of The Wizard You Did A Great Job, I Have Made Some Great Changes And More To Come</news>
  </extension>
</addon>